{
  "meta": {
    "name": "Temu Скидки UA - Автопостинг",
    "version": "1.0",
    "created": "2026-02-02"
  },
  "settings": {
    "bot_token": "YOUR_BOT_TOKEN_HERE",
    "channel_id": "@temu_skidki_ua",
    "posting_times": ["09:00", "12:00", "15:00", "18:00", "21:00"],
    "posts_per_day": 5,
    "timezone": "Europe/Kiev"
  },
  "categories": [
    {"name": "Электроника", "icon": "🔌", "hashtag": "#электроника"},
    {"name": "Одежда", "icon": "👕", "hashtag": "#одежда"},
    {"name": "Дом и сад", "icon": "🏠", "hashtag": "#дом"},
    {"name": "Красота", "icon": "💄", "hashtag": "#красота"},
    {"name": "Спорт", "icon": "🏃", "hashtag": "#спорт"},
    {"name": "Детское", "icon": "👶", "hashtag": "#детское"}
  ],
  "post_templates": {
    "default": "🔥 <b>{title}</b>\n\n💰 <s>{old_price}</s> → <b>{price}</b>\n📉 Скидка: {discount}%\n\n🔗 <a href=\"{link}\">Купить на Temu</a>\n\n{hashtag} #скидка #топ",
    "premium": "🚀 <b>🔥 HOT DEAL!</b>\n\n{icon} <b>{title}</b>\n\n💰 <s>{old_price}</s> → <b>{price}</b>\n📉 Скидка: {discount}%\n⭐ Рейтинг: {rating} ({sales} отзывов)\n\n📦 {shipping}\n\n🔗 <a href=\"{link}\">КУПИТЬ СЕЙЧАС</a>\n\n#горячаяскидка #топ #temu #покупки",
    "urgent": "⚡ <b>УСПЕЙ КУПИТЬ!</b>\n\n🔥 <b>{title}</b>\n\n💰 <s>{old_price}</s> → <b>{price}</b>\n📉 Скидка: {discount}%\n\n⏰ Действует ограниченное время!\n\n🔗 <a href=\"{link}\">ЗАБРАТЬ СКИДКУ</a>\n\n#срочно #скидка #акция #temu"
  }
}
