# TEMPLATE GOOGLE SHEETS
# Создай таблицу по этому образцу и используй с Telepost.me

# ЛИСТ 1: "Скидки" (основные данные)
Дата,Товар,Цена,СтараяЦена,Скидка,Ссылка,Картинка,Категория,Приоритет,Статус
02.02.2026,Беспроводные наушники,$19.99,$49.99,60%,https://temu.com/ua/headphones,https://example.com/img1.jpg,Электроника,HIGH,pending
02.02.2026,Умные часы Smart Watch,$29.99,$79.99,63%,https://temu.com/ua/smartwatch,https://example.com/img2.jpg,Электроника,HIGH,pending
02.02.2026,Набор посуды 12 предм.,$24.99,$59.99,58%,https://temu.com/ua/cookware,https://example.com/img3.jpg,Дом,HIGH,pending
02.02.2026,Увлажнитель воздуха,$14.99,$34.99,57%,https://temu.com/ua/humidifier,https://example.com/img4.jpg,Дом,medium,pending
02.02.2026,Спортивный костюм,$19.99,$44.99,56%,https://temu.com/ua/sportswear,https://example.com/img5.jpg,Одежда,medium,pending
02.02.2026,Набор для маникюра,$12.99,$29.99,57%,https://temu.com/ua/manicure,https://example.com/img6.jpg,Красота,low,pending
02.02.2026,Фитнес браслет,$15.99,$39.99,60%,https://temu.com/ua/fitness,https://example.com/img7.jpg,Спорт,medium,pending
02.02.2026,Детский конструктор,$19.99,$49.99,60%,https://temu.com/ua/toys,https://example.com/img8.jpg,Детское,low,pending

# ЛИСТ 2: "Расписание"
День,Время1,Время2,Время3,Время4,Время5,ПостовВДень,Статус
Понедельник,09:00,12:00,15:00,18:00,21:00,5,active
Вторник,09:00,12:00,15:00,18:00,21:00,5,active
Среда,09:00,12:00,15:00,18:00,21:00,5,active
Четверг,09:00,12:00,15:00,18:00,21:00,5,active
Пятница,09:00,12:00,15:00,18:00,21:00,5,active
Суббота,10:00,13:00,16:00,19:00,21:00,5,active
Воскресенье,10:00,13:00,16:00,19:00,21:00,5,active

# ЛИСТ 3: "Статистика"
Дата,Постов,Просмотров,Кликов,Подписчиков,Заработок
02.02.2026,5,150,15,5,$1.50
03.02.2026,5,200,20,8,$2.00
04.02.2026,5,250,25,12,$2.50

# ЛИСТ 4: "Шаблоны"
Имя,Шаблон,Использований
default,"🔥 <b>{Товар}</b>\n\n💰 <s>{СтараяЦена}</s> → <b>{Цена}</b>\n📉 Скидка: {Скидка}\n\n🔗 <a href=""{Ссылка}"">Купить на Temu</a>\n\n#{Категория} #скидка #топ",50
premium,"🚀 <b>HOT DEAL!</b>\n\n🔥 <b>{Товар}</b>\n\n💰 <s>{СтараяЦена}</s> → <b>{Цена}</b>\n📉 Скидка: {Скидка}\n\n⏰ Скидка скоро закончится!\n\n🔗 <a href=""{Сссылка}"">КУПИТЬ</a>\n\n#горячее #скидка #temu",20
urgent,"⚡ <b>УСПЕЙ!</b>\n\n<b>{Товар}</b>\n\n💰 <s>{СтараяЦена}</s> → <b>{Цена}</b>\n\n🔗 <a href=""{Ссылка}"">ПОЛУЧИТЬ</a>\n\n#срочно #акция",10
